{
    "forge_marker": 1,
    "defaults": {
        "model": "mysticalmechanics:axle",
        "textures": {
            "axle": "mysticalmechanics:blocks/axle_iron",
            "particle": "mysticalmechanics:blocks/axle_iron"
        }
    },
    "variants":{
        "normal": [{}],
        "inventory": [{
            "model": "mysticalmechanics:axle_iron",
            "transform": "forge:default-item"
        }],
        "axis": {
            "y": {},
            "z": {
                "x": 90
            },
            "x": {
                "x": 90,
                "y": 90
            }
        }
    }
}