{
    "forge_marker": 1,
    "defaults": {
        "model": "mysticalmechanics:mergebox_frame"
    },
    "variants":{
        "facing": {
            "down": {
                "x": 90
            },
            "up": {
                "x": 270
            },
            "north": {
                "y": 0
            },
            "south": {
                "y": 180
            },
            "west": {
                "y": 270
            },
            "east": {
                "y": 90
            }
        }
    }
}