{
	"__comment": "Designed by Elucent with Cubik Studio - https://cubik.studio",
	"parent":"block/block",
	"textures": {
		"particle": "mysticalmechanics:blocks/gearbox_frame",
		"texture": "mysticalmechanics:blocks/gearbox_frame",
		"core": "mysticalmechanics:blocks/gearbox_center"
	},
	"elements": [
		{
			"__comment": "Box1",
			"from": [ 0, 0, 0 ],
			"to": [ 3, 3, 3 ],
			"faces": {
				"down": { "uv": [ 0, 0, 3, 3 ], "texture": "#texture" },
				"up": { "uv": [ 0, 0, 3, 3 ], "texture": "#texture" },
				"north": { "uv": [ 0, 0, 3, 3 ], "texture": "#texture" },
				"south": { "uv": [ 0, 0, 3, 3 ], "texture": "#texture" },
				"west": { "uv": [ 0, 0, 3, 3 ], "texture": "#texture" },
				"east": { "uv": [ 0, 0, 3, 3 ], "texture": "#texture" }
			}
		},
		{
			"__comment": "Box1",
			"from": [ 13, 0, 0 ],
			"to": [ 16, 3, 3 ],
			"faces": {
				"down": { "uv": [ 0, 0, 3, 3 ], "texture": "#texture" },
				"up": { "uv": [ 0, 0, 3, 3 ], "texture": "#texture" },
				"north": { "uv": [ 0, 0, 3, 3 ], "texture": "#texture" },
				"south": { "uv": [ 0, 0, 3, 3 ], "texture": "#texture" },
				"west": { "uv": [ 0, 0, 3, 3 ], "texture": "#texture" },
				"east": { "uv": [ 0, 0, 3, 3 ], "texture": "#texture" }
			}
		},
		{
			"__comment": "Box1",
			"from": [ 0, 0, 13 ],
			"to": [ 3, 3, 16 ],
			"faces": {
				"down": { "uv": [ 0, 0, 3, 3 ], "texture": "#texture" },
				"up": { "uv": [ 0, 0, 3, 3 ], "texture": "#texture" },
				"north": { "uv": [ 0, 0, 3, 3 ], "texture": "#texture" },
				"south": { "uv": [ 0, 0, 3, 3 ], "texture": "#texture" },
				"west": { "uv": [ 0, 0, 3, 3 ], "texture": "#texture" },
				"east": { "uv": [ 0, 0, 3, 3 ], "texture": "#texture" }
			}
		},
		{
			"__comment": "Box1",
			"from": [ 13, 0, 13 ],
			"to": [ 16, 3, 16 ],
			"faces": {
				"down": { "uv": [ 0, 0, 3, 3 ], "texture": "#texture" },
				"up": { "uv": [ 0, 0, 3, 3 ], "texture": "#texture" },
				"north": { "uv": [ 0, 0, 3, 3 ], "texture": "#texture" },
				"south": { "uv": [ 0, 0, 3, 3 ], "texture": "#texture" },
				"west": { "uv": [ 0, 0, 3, 3 ], "texture": "#texture" },
				"east": { "uv": [ 0, 0, 3, 3 ], "texture": "#texture" }
			}
		},
		{
			"__comment": "Box1",
			"from": [ 0, 13, 0 ],
			"to": [ 3, 16, 3 ],
			"faces": {
				"down": { "uv": [ 0, 0, 3, 3 ], "texture": "#texture" },
				"up": { "uv": [ 0, 0, 3, 3 ], "texture": "#texture" },
				"north": { "uv": [ 0, 0, 3, 3 ], "texture": "#texture" },
				"south": { "uv": [ 0, 0, 3, 3 ], "texture": "#texture" },
				"west": { "uv": [ 0, 0, 3, 3 ], "texture": "#texture" },
				"east": { "uv": [ 0, 0, 3, 3 ], "texture": "#texture" }
			}
		},
		{
			"__comment": "Box1",
			"from": [ 13, 13, 0 ],
			"to": [ 16, 16, 3 ],
			"faces": {
				"down": { "uv": [ 0, 0, 3, 3 ], "texture": "#texture" },
				"up": { "uv": [ 0, 0, 3, 3 ], "texture": "#texture" },
				"north": { "uv": [ 0, 0, 3, 3 ], "texture": "#texture" },
				"south": { "uv": [ 0, 0, 3, 3 ], "texture": "#texture" },
				"west": { "uv": [ 0, 0, 3, 3 ], "texture": "#texture" },
				"east": { "uv": [ 0, 0, 3, 3 ], "texture": "#texture" }
			}
		},
		{
			"__comment": "Box1",
			"from": [ 0, 13, 13 ],
			"to": [ 3, 16, 16 ],
			"faces": {
				"down": { "uv": [ 0, 0, 3, 3 ], "texture": "#texture" },
				"up": { "uv": [ 0, 0, 3, 3 ], "texture": "#texture" },
				"north": { "uv": [ 0, 0, 3, 3 ], "texture": "#texture" },
				"south": { "uv": [ 0, 0, 3, 3 ], "texture": "#texture" },
				"west": { "uv": [ 0, 0, 3, 3 ], "texture": "#texture" },
				"east": { "uv": [ 0, 0, 3, 3 ], "texture": "#texture" }
			}
		},
		{
			"__comment": "Box1",
			"from": [ 13, 13, 13 ],
			"to": [ 16, 16, 16 ],
			"faces": {
				"down": { "uv": [ 0, 0, 3, 3 ], "texture": "#texture" },
				"up": { "uv": [ 0, 0, 3, 3 ], "texture": "#texture" },
				"north": { "uv": [ 0, 0, 3, 3 ], "texture": "#texture" },
				"south": { "uv": [ 0, 0, 3, 3 ], "texture": "#texture" },
				"west": { "uv": [ 0, 0, 3, 3 ], "texture": "#texture" },
				"east": { "uv": [ 0, 0, 3, 3 ], "texture": "#texture" }
			}
		},
		{
			"__comment": "Box1",
			"from": [ 0, 3, 0 ],
			"to": [ 2, 13, 2 ],
			"faces": {
				"down": { "uv": [ 0, 13, 2, 15 ], "texture": "#texture" },
				"up": { "uv": [ 0, 13, 2, 15 ], "texture": "#texture" },
				"north": { "uv": [ 0, 3, 2, 13 ], "texture": "#texture" },
				"south": { "uv": [ 0, 3, 2, 13 ], "texture": "#texture" },
				"west": { "uv": [ 0, 3, 2, 13 ], "texture": "#texture" },
				"east": { "uv": [ 0, 3, 2, 13 ], "texture": "#texture" }
			}
		},
		{
			"__comment": "Box1",
			"from": [ 14, 3, 0 ],
			"to": [ 16, 13, 2 ],
			"faces": {
				"down": { "uv": [ 0, 13, 2, 15 ], "texture": "#texture" },
				"up": { "uv": [ 0, 13, 2, 15 ], "texture": "#texture" },
				"north": { "uv": [ 0, 3, 2, 13 ], "texture": "#texture" },
				"south": { "uv": [ 0, 3, 2, 13 ], "texture": "#texture" },
				"west": { "uv": [ 0, 3, 2, 13 ], "texture": "#texture" },
				"east": { "uv": [ 0, 3, 2, 13 ], "texture": "#texture" }
			}
		},
		{
			"__comment": "Box1",
			"from": [ 14, 3, 14 ],
			"to": [ 16, 13, 16 ],
			"faces": {
				"down": { "uv": [ 0, 13, 2, 15 ], "texture": "#texture" },
				"up": { "uv": [ 0, 13, 2, 15 ], "texture": "#texture" },
				"north": { "uv": [ 0, 3, 2, 13 ], "texture": "#texture" },
				"south": { "uv": [ 0, 3, 2, 13 ], "texture": "#texture" },
				"west": { "uv": [ 0, 3, 2, 13 ], "texture": "#texture" },
				"east": { "uv": [ 0, 3, 2, 13 ], "texture": "#texture" }
			}
		},
		{
			"__comment": "Box1",
			"from": [ 0, 3, 14 ],
			"to": [ 2, 13, 16 ],
			"faces": {
				"down": { "uv": [ 0, 13, 2, 15 ], "texture": "#texture" },
				"up": { "uv": [ 0, 13, 2, 15 ], "texture": "#texture" },
				"north": { "uv": [ 0, 3, 2, 13 ], "texture": "#texture" },
				"south": { "uv": [ 0, 3, 2, 13 ], "texture": "#texture" },
				"west": { "uv": [ 0, 3, 2, 13 ], "texture": "#texture" },
				"east": { "uv": [ 0, 3, 2, 13 ], "texture": "#texture" }
			}
		},
		{
			"__comment": "Box1",
			"from": [ 3, 0, 0 ],
			"to": [ 13, 2, 2 ],
			"faces": {
				"down": { "uv": [ 3, 0, 13, 2 ], "texture": "#texture" },
				"up": { "uv": [ 3, 0, 13, 2 ], "texture": "#texture" },
				"north": { "uv": [ 3, 0, 13, 2 ], "texture": "#texture" },
				"south": { "uv": [ 3, 0, 13, 2 ], "texture": "#texture" },
				"west": { "uv": [ 0, 13, 2, 15 ], "texture": "#texture" },
				"east": { "uv": [ 0, 13, 2, 15 ], "texture": "#texture" }
			}
		},
		{
			"__comment": "Box1",
			"from": [ 3, 14, 0 ],
			"to": [ 13, 16, 2 ],
			"faces": {
				"down": { "uv": [ 3, 0, 13, 2 ], "texture": "#texture" },
				"up": { "uv": [ 3, 0, 13, 2 ], "texture": "#texture" },
				"north": { "uv": [ 3, 0, 13, 2 ], "texture": "#texture" },
				"south": { "uv": [ 3, 0, 13, 2 ], "texture": "#texture" },
				"west": { "uv": [ 0, 13, 2, 15 ], "texture": "#texture" },
				"east": { "uv": [ 0, 13, 2, 15 ], "texture": "#texture" }
			}
		},
		{
			"__comment": "Box1",
			"from": [ 3, 14, 14 ],
			"to": [ 13, 16, 16 ],
			"faces": {
				"down": { "uv": [ 3, 0, 13, 2 ], "texture": "#texture" },
				"up": { "uv": [ 3, 0, 13, 2 ], "texture": "#texture" },
				"north": { "uv": [ 3, 0, 13, 2 ], "texture": "#texture" },
				"south": { "uv": [ 3, 0, 13, 2 ], "texture": "#texture" },
				"west": { "uv": [ 0, 13, 2, 15 ], "texture": "#texture" },
				"east": { "uv": [ 0, 13, 2, 15 ], "texture": "#texture" }
			}
		},
		{
			"__comment": "Box1",
			"from": [ 3, 0, 14 ],
			"to": [ 13, 2, 16 ],
			"faces": {
				"down": { "uv": [ 3, 0, 13, 2 ], "texture": "#texture" },
				"up": { "uv": [ 3, 0, 13, 2 ], "texture": "#texture" },
				"north": { "uv": [ 3, 0, 13, 2 ], "texture": "#texture" },
				"south": { "uv": [ 3, 0, 13, 2 ], "texture": "#texture" },
				"west": { "uv": [ 0, 13, 2, 15 ], "texture": "#texture" },
				"east": { "uv": [ 0, 13, 2, 15 ], "texture": "#texture" }
			}
		},
		{
			"__comment": "Box1",
			"from": [ 0, 0, 3 ],
			"to": [ 2, 2, 13 ],
			"faces": {
				"down": { "uv": [ 0, 3, 2, 13 ], "texture": "#texture" },
				"up": { "uv": [ 0, 3, 2, 13 ], "texture": "#texture" },
				"north": { "uv": [ 0, 13, 2, 15 ], "texture": "#texture" },
				"south": { "uv": [ 0, 13, 2, 15 ], "texture": "#texture" },
				"west": { "uv": [ 3, 0, 13, 2 ], "texture": "#texture" },
				"east": { "uv": [ 3, 0, 13, 2 ], "texture": "#texture" }
			}
		},
		{
			"__comment": "Box1",
			"from": [ 14, 0, 3 ],
			"to": [ 16, 2, 13 ],
			"faces": {
				"down": { "uv": [ 0, 3, 2, 13 ], "texture": "#texture" },
				"up": { "uv": [ 0, 3, 2, 13 ], "texture": "#texture" },
				"north": { "uv": [ 0, 13, 2, 15 ], "texture": "#texture" },
				"south": { "uv": [ 0, 13, 2, 15 ], "texture": "#texture" },
				"west": { "uv": [ 3, 0, 13, 2 ], "texture": "#texture" },
				"east": { "uv": [ 3, 0, 13, 2 ], "texture": "#texture" }
			}
		},
		{
			"__comment": "Box1",
			"from": [ 0, 14, 3 ],
			"to": [ 2, 16, 13 ],
			"faces": {
				"down": { "uv": [ 0, 3, 2, 13 ], "texture": "#texture" },
				"up": { "uv": [ 0, 3, 2, 13 ], "texture": "#texture" },
				"north": { "uv": [ 0, 13, 2, 15 ], "texture": "#texture" },
				"south": { "uv": [ 0, 13, 2, 15 ], "texture": "#texture" },
				"west": { "uv": [ 3, 0, 13, 2 ], "texture": "#texture" },
				"east": { "uv": [ 3, 0, 13, 2 ], "texture": "#texture" }
			}
		},
		{
			"__comment": "Box1",
			"from": [ 14, 14, 3 ],
			"to": [ 16, 16, 13 ],
			"faces": {
				"down": { "uv": [ 0, 3, 2, 13 ], "texture": "#texture" },
				"up": { "uv": [ 0, 3, 2, 13 ], "texture": "#texture" },
				"north": { "uv": [ 0, 13, 2, 15 ], "texture": "#texture" },
				"south": { "uv": [ 0, 13, 2, 15 ], "texture": "#texture" },
				"west": { "uv": [ 3, 0, 13, 2 ], "texture": "#texture" },
				"east": { "uv": [ 3, 0, 13, 2 ], "texture": "#texture" }
			}
		},
		{
			"__comment": "Box1",
			"from": [ 4, 2, 0.5 ],
			"to": [ 12, 14, 1.5 ],
			"faces": {
				"down": { "uv": [ 4, 2, 12, 3 ], "texture": "#texture" },
				"up": { "uv": [ 4, 2, 12, 3 ], "texture": "#texture" },
				"north": { "uv": [ 4, 2, 12, 14 ], "texture": "#texture" },
				"south": { "uv": [ 4, 2, 12, 14 ], "texture": "#texture" },
				"west": { "uv": [ 4, 2, 5, 14 ], "texture": "#texture" },
				"east": { "uv": [ 4, 2, 5, 14 ], "texture": "#texture" }
			}
		},
		{
			"__comment": "Box1",
			"from": [ 6, 6, 0 ],
			"to": [ 10, 10, 2 ],
			"faces": {
				"down": { "uv": [ 6, 6, 10, 7 ], "texture": "#texture" },
				"up": { "uv": [ 6, 6, 10, 7 ], "texture": "#texture" },
				"north": { "uv": [ 6, 6, 10, 10 ], "texture": "#texture" },
				"south": { "uv": [ 6, 6, 10, 10 ], "texture": "#texture" },
				"west": { "uv": [ 9, 6, 10, 10 ], "texture": "#texture" },
				"east": { "uv": [ 9, 6, 10, 10 ], "texture": "#texture" }
			}
		},
		{
			"__comment": "Box1",
			"from": [ 3, 3, 3 ],
			"to": [ 13, 13, 13 ],
			"faces": {
				"down": { "uv": [ 0, 0, 10, 10 ], "texture": "#core" },
				"up": { "uv": [ 0, 0, 10, 10 ], "texture": "#core" },
				"north": { "uv": [ 0, 0, 10, 10 ], "texture": "#core" },
				"south": { "uv": [ 0, 0, 10, 10 ], "texture": "#core" },
				"west": { "uv": [ 0, 0, 10, 10 ], "texture": "#core" },
				"east": { "uv": [ 0, 0, 10, 10 ], "texture": "#core" }
			}
		},
		{
			"__comment": "Box1",
			"from": [ 7, 7, 2 ],
			"to": [ 9, 9, 4 ],
			"faces": {
				"down": { "uv": [ 0, 10, 2, 12 ], "texture": "#core" },
				"up": { "uv": [ 0, 10, 2, 12 ], "texture": "#core" },
				"north": { "uv": [ 0, 10, 2, 12 ], "texture": "#core" },
				"south": { "uv": [ 0, 10, 2, 12 ], "texture": "#core" },
				"west": { "uv": [ 0, 10, 2, 12 ], "texture": "#core" },
				"east": { "uv": [ 0, 10, 2, 12 ], "texture": "#core" }
			}
		},
		{
			"__comment": "Box1",
			"from": [ 7, 7, 12 ],
			"to": [ 9, 9, 14 ],
			"faces": {
				"down": { "uv": [ 0, 10, 2, 12 ], "texture": "#core" },
				"up": { "uv": [ 0, 10, 2, 12 ], "texture": "#core" },
				"north": { "uv": [ 0, 10, 2, 12 ], "texture": "#core" },
				"south": { "uv": [ 0, 10, 2, 12 ], "texture": "#core" },
				"west": { "uv": [ 0, 10, 2, 12 ], "texture": "#core" },
				"east": { "uv": [ 0, 10, 2, 12 ], "texture": "#core" }
			}
		},
		{
			"__comment": "Box1",
			"from": [ 2, 7, 7 ],
			"to": [ 4, 9, 9 ],
			"faces": {
				"down": { "uv": [ 0, 10, 2, 12 ], "texture": "#core" },
				"up": { "uv": [ 0, 10, 2, 12 ], "texture": "#core" },
				"north": { "uv": [ 0, 10, 2, 12 ], "texture": "#core" },
				"south": { "uv": [ 0, 10, 2, 12 ], "texture": "#core" },
				"west": { "uv": [ 0, 10, 2, 12 ], "texture": "#core" },
				"east": { "uv": [ 0, 10, 2, 12 ], "texture": "#core" }
			}
		},
		{
			"__comment": "Box1",
			"from": [ 12, 7, 7 ],
			"to": [ 14, 9, 9 ],
			"faces": {
				"down": { "uv": [ 0, 10, 2, 12 ], "texture": "#core" },
				"up": { "uv": [ 0, 10, 2, 12 ], "texture": "#core" },
				"north": { "uv": [ 0, 10, 2, 12 ], "texture": "#core" },
				"south": { "uv": [ 0, 10, 2, 12 ], "texture": "#core" },
				"west": { "uv": [ 0, 10, 2, 12 ], "texture": "#core" },
				"east": { "uv": [ 0, 10, 2, 12 ], "texture": "#core" }
			}
		},
		{
			"__comment": "Box1",
			"from": [ 7, 2, 7 ],
			"to": [ 9, 4, 9 ],
			"faces": {
				"down": { "uv": [ 0, 10, 2, 12 ], "texture": "#core" },
				"up": { "uv": [ 0, 10, 2, 12 ], "texture": "#core" },
				"north": { "uv": [ 0, 10, 2, 12 ], "texture": "#core" },
				"south": { "uv": [ 0, 10, 2, 12 ], "texture": "#core" },
				"west": { "uv": [ 0, 10, 2, 12 ], "texture": "#core" },
				"east": { "uv": [ 0, 10, 2, 12 ], "texture": "#core" }
			}
		},
		{
			"__comment": "Box1",
			"from": [ 7, 12, 7 ],
			"to": [ 9, 14, 9 ],
			"faces": {
				"down": { "uv": [ 0, 10, 2, 12 ], "texture": "#core" },
				"up": { "uv": [ 0, 10, 2, 12 ], "texture": "#core" },
				"north": { "uv": [ 0, 10, 2, 12 ], "texture": "#core" },
				"south": { "uv": [ 0, 10, 2, 12 ], "texture": "#core" },
				"west": { "uv": [ 0, 10, 2, 12 ], "texture": "#core" },
				"east": { "uv": [ 0, 10, 2, 12 ], "texture": "#core" }
			}
		},
		{
			"__comment": "Box1",
			"from": [ 14, 7, 7 ],
			"to": [ 16, 9, 9 ],
			"faces": {
				"down": { "uv": [ 0, 10, 2, 12 ], "texture": "#core" },
				"up": { "uv": [ 0, 10, 2, 12 ], "texture": "#core" },
				"north": { "uv": [ 0, 10, 2, 12 ], "texture": "#core" },
				"south": { "uv": [ 0, 10, 2, 12 ], "texture": "#core" },
				"west": { "uv": [ 0, 10, 2, 12 ], "texture": "#core" },
				"east": { "uv": [ 0, 10, 2, 12 ], "texture": "#core" }
			}
		},
		{
			"__comment": "Box1",
			"from": [ 0, 7, 7 ],
			"to": [ 2, 9, 9 ],
			"faces": {
				"down": { "uv": [ 0, 10, 2, 12 ], "texture": "#core" },
				"up": { "uv": [ 0, 10, 2, 12 ], "texture": "#core" },
				"north": { "uv": [ 0, 10, 2, 12 ], "texture": "#core" },
				"south": { "uv": [ 0, 10, 2, 12 ], "texture": "#core" },
				"west": { "uv": [ 0, 10, 2, 12 ], "texture": "#core" },
				"east": { "uv": [ 0, 10, 2, 12 ], "texture": "#core" }
			}
		},
		{
			"__comment": "Box1",
			"from": [ 7, 7, 14 ],
			"to": [ 9, 9, 16 ],
			"faces": {
				"down": { "uv": [ 0, 10, 2, 12 ], "texture": "#core" },
				"up": { "uv": [ 0, 10, 2, 12 ], "texture": "#core" },
				"north": { "uv": [ 0, 10, 2, 12 ], "texture": "#core" },
				"south": { "uv": [ 0, 10, 2, 12 ], "texture": "#core" },
				"west": { "uv": [ 0, 10, 2, 12 ], "texture": "#core" },
				"east": { "uv": [ 0, 10, 2, 12 ], "texture": "#core" }
			}
		},
		{
			"__comment": "Box1",
			"from": [ 7, 14, 7 ],
			"to": [ 9, 16, 9 ],
			"faces": {
				"down": { "uv": [ 0, 10, 2, 12 ], "texture": "#core" },
				"up": { "uv": [ 0, 10, 2, 12 ], "texture": "#core" },
				"north": { "uv": [ 0, 10, 2, 12 ], "texture": "#core" },
				"south": { "uv": [ 0, 10, 2, 12 ], "texture": "#core" },
				"west": { "uv": [ 0, 10, 2, 12 ], "texture": "#core" },
				"east": { "uv": [ 0, 10, 2, 12 ], "texture": "#core" }
			}
		},
		{
			"__comment": "Box1",
			"from": [ 7, 0, 7 ],
			"to": [ 9, 2, 9 ],
			"faces": {
				"down": { "uv": [ 0, 10, 2, 12 ], "texture": "#core" },
				"up": { "uv": [ 0, 10, 2, 12 ], "texture": "#core" },
				"north": { "uv": [ 0, 10, 2, 12 ], "texture": "#core" },
				"south": { "uv": [ 0, 10, 2, 12 ], "texture": "#core" },
				"west": { "uv": [ 0, 10, 2, 12 ], "texture": "#core" },
				"east": { "uv": [ 0, 10, 2, 12 ], "texture": "#core" }
			}
		}
	]
}