{
	"credit": "Made with Blockbench, a free, modern block model editor by JannisX11",
	"parent": "block/block",
	"textures": {
		"particle": "mysticalmechanics:blocks/mergebox_frame",
		"texture": "mysticalmechanics:blocks/mergebox_frame",
		"core": "mysticalmechanics:blocks/gearbox_center"
	},
	"elements": [
		{
			"name": "cube",
			"from": [0, 0, 0],
			"to": [3, 3, 3],
			"shade": true,
			"faces": {
				"north": {"uv": [0, 0, 3, 3], "texture": "#texture"},
				"east": {"uv": [0, 0, 3, 3], "texture": "#texture"},
				"south": {"uv": [0, 0, 3, 3], "texture": "#texture"},
				"west": {"uv": [0, 0, 3, 3], "texture": "#texture"},
				"up": {"uv": [0, 0, 3, 3], "texture": "#texture"},
				"down": {"uv": [0, 0, 3, 3], "texture": "#texture"}
			},
			"__comment": "Box1"
		},
		{
			"name": "cube",
			"from": [13, 0, 0],
			"to": [16, 3, 3],
			"shade": true,
			"faces": {
				"north": {"uv": [0, 0, 3, 3], "texture": "#texture"},
				"east": {"uv": [0, 0, 3, 3], "texture": "#texture"},
				"south": {"uv": [0, 0, 3, 3], "texture": "#texture"},
				"west": {"uv": [0, 0, 3, 3], "texture": "#texture"},
				"up": {"uv": [0, 0, 3, 3], "texture": "#texture"},
				"down": {"uv": [0, 0, 3, 3], "texture": "#texture"}
			},
			"__comment": "Box1"
		},
		{
			"name": "cube",
			"from": [0, 0, 13],
			"to": [3, 3, 16],
			"shade": true,
			"faces": {
				"north": {"uv": [0, 0, 3, 3], "texture": "#texture"},
				"east": {"uv": [0, 0, 3, 3], "texture": "#texture"},
				"south": {"uv": [0, 0, 3, 3], "texture": "#texture"},
				"west": {"uv": [0, 0, 3, 3], "texture": "#texture"},
				"up": {"uv": [0, 0, 3, 3], "texture": "#texture"},
				"down": {"uv": [0, 0, 3, 3], "texture": "#texture"}
			},
			"__comment": "Box1"
		},
		{
			"name": "cube",
			"from": [13, 0, 13],
			"to": [16, 3, 16],
			"shade": true,
			"faces": {
				"north": {"uv": [0, 0, 3, 3], "texture": "#texture"},
				"east": {"uv": [0, 0, 3, 3], "texture": "#texture"},
				"south": {"uv": [0, 0, 3, 3], "texture": "#texture"},
				"west": {"uv": [0, 0, 3, 3], "texture": "#texture"},
				"up": {"uv": [0, 0, 3, 3], "texture": "#texture"},
				"down": {"uv": [0, 0, 3, 3], "texture": "#texture"}
			},
			"__comment": "Box1"
		},
		{
			"name": "cube",
			"from": [0, 13, 0],
			"to": [3, 16, 3],
			"shade": true,
			"faces": {
				"north": {"uv": [0, 0, 3, 3], "texture": "#texture"},
				"east": {"uv": [0, 0, 3, 3], "texture": "#texture"},
				"south": {"uv": [0, 0, 3, 3], "texture": "#texture"},
				"west": {"uv": [0, 0, 3, 3], "texture": "#texture"},
				"up": {"uv": [0, 0, 3, 3], "texture": "#texture"},
				"down": {"uv": [0, 0, 3, 3], "texture": "#texture"}
			},
			"__comment": "Box1"
		},
		{
			"name": "cube",
			"from": [13, 13, 0],
			"to": [16, 16, 3],
			"shade": true,
			"faces": {
				"north": {"uv": [0, 0, 3, 3], "texture": "#texture"},
				"east": {"uv": [0, 0, 3, 3], "texture": "#texture"},
				"south": {"uv": [0, 0, 3, 3], "texture": "#texture"},
				"west": {"uv": [0, 0, 3, 3], "texture": "#texture"},
				"up": {"uv": [0, 0, 3, 3], "texture": "#texture"},
				"down": {"uv": [0, 0, 3, 3], "texture": "#texture"}
			},
			"__comment": "Box1"
		},
		{
			"name": "cube",
			"from": [0, 13, 13],
			"to": [3, 16, 16],
			"shade": true,
			"faces": {
				"north": {"uv": [0, 0, 3, 3], "texture": "#texture"},
				"east": {"uv": [0, 0, 3, 3], "texture": "#texture"},
				"south": {"uv": [0, 0, 3, 3], "texture": "#texture"},
				"west": {"uv": [0, 0, 3, 3], "texture": "#texture"},
				"up": {"uv": [0, 0, 3, 3], "texture": "#texture"},
				"down": {"uv": [0, 0, 3, 3], "texture": "#texture"}
			},
			"__comment": "Box1"
		},
		{
			"name": "cube",
			"from": [13, 13, 13],
			"to": [16, 16, 16],
			"shade": true,
			"faces": {
				"north": {"uv": [0, 0, 3, 3], "texture": "#texture"},
				"east": {"uv": [0, 0, 3, 3], "texture": "#texture"},
				"south": {"uv": [0, 0, 3, 3], "texture": "#texture"},
				"west": {"uv": [0, 0, 3, 3], "texture": "#texture"},
				"up": {"uv": [0, 0, 3, 3], "texture": "#texture"},
				"down": {"uv": [0, 0, 3, 3], "texture": "#texture"}
			},
			"__comment": "Box1"
		},
		{
			"name": "cube",
			"from": [0, 3, 0],
			"to": [2, 13, 2],
			"shade": true,
			"faces": {
				"north": {"uv": [0, 3, 2, 13], "texture": "#texture"},
				"east": {"uv": [0, 3, 2, 13], "texture": "#texture"},
				"south": {"uv": [0, 3, 2, 13], "texture": "#texture"},
				"west": {"uv": [0, 3, 2, 13], "texture": "#texture"},
				"up": {"uv": [0, 13, 2, 15], "texture": "#texture"},
				"down": {"uv": [0, 13, 2, 15], "texture": "#texture"}
			},
			"__comment": "Box1"
		},
		{
			"name": "cube",
			"from": [14, 3, 0],
			"to": [16, 13, 2],
			"shade": true,
			"faces": {
				"north": {"uv": [0, 3, 2, 13], "texture": "#texture"},
				"east": {"uv": [0, 3, 2, 13], "texture": "#texture"},
				"south": {"uv": [0, 3, 2, 13], "texture": "#texture"},
				"west": {"uv": [0, 3, 2, 13], "texture": "#texture"},
				"up": {"uv": [0, 13, 2, 15], "texture": "#texture"},
				"down": {"uv": [0, 13, 2, 15], "texture": "#texture"}
			},
			"__comment": "Box1"
		},
		{
			"name": "cube",
			"from": [14, 3, 14],
			"to": [16, 13, 16],
			"shade": true,
			"faces": {
				"north": {"uv": [0, 3, 2, 13], "texture": "#texture"},
				"east": {"uv": [0, 3, 2, 13], "texture": "#texture"},
				"south": {"uv": [0, 3, 2, 13], "texture": "#texture"},
				"west": {"uv": [0, 3, 2, 13], "texture": "#texture"},
				"up": {"uv": [0, 13, 2, 15], "texture": "#texture"},
				"down": {"uv": [0, 13, 2, 15], "texture": "#texture"}
			},
			"__comment": "Box1"
		},
		{
			"name": "cube",
			"from": [0, 3, 14],
			"to": [2, 13, 16],
			"shade": true,
			"faces": {
				"north": {"uv": [0, 3, 2, 13], "texture": "#texture"},
				"east": {"uv": [0, 3, 2, 13], "texture": "#texture"},
				"south": {"uv": [0, 3, 2, 13], "texture": "#texture"},
				"west": {"uv": [0, 3, 2, 13], "texture": "#texture"},
				"up": {"uv": [0, 13, 2, 15], "texture": "#texture"},
				"down": {"uv": [0, 13, 2, 15], "texture": "#texture"}
			},
			"__comment": "Box1"
		},
		{
			"name": "cube",
			"from": [3, 0, 0],
			"to": [13, 2, 2],
			"shade": true,
			"faces": {
				"north": {"uv": [3, 0, 13, 2], "texture": "#texture"},
				"east": {"uv": [0, 13, 2, 15], "texture": "#texture"},
				"south": {"uv": [3, 0, 13, 2], "texture": "#texture"},
				"west": {"uv": [0, 13, 2, 15], "texture": "#texture"},
				"up": {"uv": [3, 0, 13, 2], "texture": "#texture"},
				"down": {"uv": [3, 0, 13, 2], "texture": "#texture"}
			},
			"__comment": "Box1"
		},
		{
			"name": "cube",
			"from": [3, 14, 0],
			"to": [13, 16, 2],
			"shade": true,
			"faces": {
				"north": {"uv": [3, 0, 13, 2], "texture": "#texture"},
				"east": {"uv": [0, 13, 2, 15], "texture": "#texture"},
				"south": {"uv": [3, 0, 13, 2], "texture": "#texture"},
				"west": {"uv": [0, 13, 2, 15], "texture": "#texture"},
				"up": {"uv": [3, 0, 13, 2], "texture": "#texture"},
				"down": {"uv": [3, 0, 13, 2], "texture": "#texture"}
			},
			"__comment": "Box1"
		},
		{
			"name": "cube",
			"from": [3, 14, 14],
			"to": [13, 16, 16],
			"shade": true,
			"faces": {
				"north": {"uv": [3, 0, 13, 2], "texture": "#texture"},
				"east": {"uv": [0, 13, 2, 15], "texture": "#texture"},
				"south": {"uv": [3, 0, 13, 2], "texture": "#texture"},
				"west": {"uv": [0, 13, 2, 15], "texture": "#texture"},
				"up": {"uv": [3, 0, 13, 2], "texture": "#texture"},
				"down": {"uv": [3, 0, 13, 2], "texture": "#texture"}
			},
			"__comment": "Box1"
		},
		{
			"name": "cube",
			"from": [3, 0, 14],
			"to": [13, 2, 16],
			"shade": true,
			"faces": {
				"north": {"uv": [3, 0, 13, 2], "texture": "#texture"},
				"east": {"uv": [0, 13, 2, 15], "texture": "#texture"},
				"south": {"uv": [3, 0, 13, 2], "texture": "#texture"},
				"west": {"uv": [0, 13, 2, 15], "texture": "#texture"},
				"up": {"uv": [3, 0, 13, 2], "texture": "#texture"},
				"down": {"uv": [3, 0, 13, 2], "texture": "#texture"}
			},
			"__comment": "Box1"
		},
		{
			"name": "cube",
			"from": [0, 0, 3],
			"to": [2, 2, 13],
			"shade": true,
			"faces": {
				"north": {"uv": [0, 13, 2, 15], "texture": "#texture"},
				"east": {"uv": [3, 0, 13, 2], "texture": "#texture"},
				"south": {"uv": [0, 13, 2, 15], "texture": "#texture"},
				"west": {"uv": [3, 0, 13, 2], "texture": "#texture"},
				"up": {"uv": [0, 3, 2, 13], "texture": "#texture"},
				"down": {"uv": [0, 3, 2, 13], "texture": "#texture"}
			},
			"__comment": "Box1"
		},
		{
			"name": "cube",
			"from": [14, 0, 3],
			"to": [16, 2, 13],
			"shade": true,
			"faces": {
				"north": {"uv": [0, 13, 2, 15], "texture": "#texture"},
				"east": {"uv": [3, 0, 13, 2], "texture": "#texture"},
				"south": {"uv": [0, 13, 2, 15], "texture": "#texture"},
				"west": {"uv": [3, 0, 13, 2], "texture": "#texture"},
				"up": {"uv": [0, 3, 2, 13], "texture": "#texture"},
				"down": {"uv": [0, 3, 2, 13], "texture": "#texture"}
			},
			"__comment": "Box1"
		},
		{
			"name": "cube",
			"from": [0, 14, 3],
			"to": [2, 16, 13],
			"shade": true,
			"faces": {
				"north": {"uv": [0, 13, 2, 15], "texture": "#texture"},
				"east": {"uv": [3, 0, 13, 2], "texture": "#texture"},
				"south": {"uv": [0, 13, 2, 15], "texture": "#texture"},
				"west": {"uv": [3, 0, 13, 2], "texture": "#texture"},
				"up": {"uv": [0, 3, 2, 13], "texture": "#texture"},
				"down": {"uv": [0, 3, 2, 13], "texture": "#texture"}
			},
			"__comment": "Box1"
		},
		{
			"name": "cube",
			"from": [14, 14, 3],
			"to": [16, 16, 13],
			"shade": true,
			"faces": {
				"north": {"uv": [0, 13, 2, 15], "texture": "#texture"},
				"east": {"uv": [3, 0, 13, 2], "texture": "#texture"},
				"south": {"uv": [0, 13, 2, 15], "texture": "#texture"},
				"west": {"uv": [3, 0, 13, 2], "texture": "#texture"},
				"up": {"uv": [0, 3, 2, 13], "texture": "#texture"},
				"down": {"uv": [0, 3, 2, 13], "texture": "#texture"}
			},
			"__comment": "Box1"
		},
		{
			"name": "cube",
			"from": [0.5, 2, 4],
			"to": [1.5, 14, 12],
			"shade": true,
			"faces": {
				"north": {"uv": [4, 2, 5, 14], "texture": "#texture"},
				"east": {"uv": [4, 2, 12, 14], "texture": "#texture"},
				"south": {"uv": [4, 2, 5, 14], "texture": "#texture"},
				"west": {"uv": [4, 2, 12, 14], "texture": "#texture"},
				"up": {
					"uv": [4, 2, 12, 3],
					"texture": "#texture",
					"rotation": 270
				},
				"down": {
					"uv": [4, 2, 12, 3],
					"texture": "#texture",
					"rotation": 90
				}
			},
			"__comment": "Box1"
		},
		{
			"name": "cube",
			"from": [0, 6, 6],
			"to": [2, 10, 10],
			"shade": true,
			"faces": {
				"north": {"uv": [9, 6, 10, 10], "texture": "#texture"},
				"east": {"uv": [6, 6, 10, 10], "texture": "#texture"},
				"south": {"uv": [9, 6, 10, 10], "texture": "#texture"},
				"west": {"uv": [6, 6, 10, 10], "texture": "#texture"},
				"up": {
					"uv": [6, 6, 10, 7],
					"texture": "#texture",
					"rotation": 270
				},
				"down": {
					"uv": [6, 6, 10, 7],
					"texture": "#texture",
					"rotation": 90
				}
			},
			"__comment": "Box1"
		},
		{
			"name": "cube",
			"from": [3, 3, 3],
			"to": [13, 13, 13],
			"shade": true,
			"faces": {
				"north": {"uv": [0, 0, 10, 10], "texture": "#core"},
				"east": {"uv": [0, 0, 10, 10], "texture": "#core"},
				"south": {"uv": [0, 0, 10, 10], "texture": "#core"},
				"west": {"uv": [0, 0, 10, 10], "texture": "#core"},
				"up": {"uv": [0, 0, 10, 10], "texture": "#core"},
				"down": {"uv": [0, 0, 10, 10], "texture": "#core"}
			},
			"__comment": "Box1"
		},
		{
			"name": "cube",
			"from": [7, 7, 2],
			"to": [9, 9, 4],
			"shade": true,
			"faces": {
				"north": {"uv": [0, 10, 2, 12], "texture": "#core"},
				"east": {"uv": [0, 10, 2, 12], "texture": "#core"},
				"south": {"uv": [0, 10, 2, 12], "texture": "#core"},
				"west": {"uv": [0, 10, 2, 12], "texture": "#core"},
				"up": {"uv": [0, 10, 2, 12], "texture": "#core"},
				"down": {"uv": [0, 10, 2, 12], "texture": "#core"}
			},
			"__comment": "Box1"
		},
		{
			"name": "cube",
			"from": [7, 7, 12],
			"to": [9, 9, 14],
			"shade": true,
			"faces": {
				"north": {"uv": [0, 10, 2, 12], "texture": "#core"},
				"east": {"uv": [0, 10, 2, 12], "texture": "#core"},
				"south": {"uv": [0, 10, 2, 12], "texture": "#core"},
				"west": {"uv": [0, 10, 2, 12], "texture": "#core"},
				"up": {"uv": [0, 10, 2, 12], "texture": "#core"},
				"down": {"uv": [0, 10, 2, 12], "texture": "#core"}
			},
			"__comment": "Box1"
		},
		{
			"name": "cube",
			"from": [2, 7, 7],
			"to": [4, 9, 9],
			"shade": true,
			"faces": {
				"north": {"uv": [0, 10, 2, 12], "texture": "#core"},
				"east": {"uv": [0, 10, 2, 12], "texture": "#core"},
				"south": {"uv": [0, 10, 2, 12], "texture": "#core"},
				"west": {"uv": [0, 10, 2, 12], "texture": "#core"},
				"up": {"uv": [0, 10, 2, 12], "texture": "#core"},
				"down": {"uv": [0, 10, 2, 12], "texture": "#core"}
			},
			"__comment": "Box1"
		},
		{
			"name": "cube",
			"from": [12, 7, 7],
			"to": [14, 9, 9],
			"shade": true,
			"faces": {
				"north": {"uv": [0, 10, 2, 12], "texture": "#core"},
				"east": {"uv": [0, 10, 2, 12], "texture": "#core"},
				"south": {"uv": [0, 10, 2, 12], "texture": "#core"},
				"west": {"uv": [0, 10, 2, 12], "texture": "#core"},
				"up": {"uv": [0, 10, 2, 12], "texture": "#core"},
				"down": {"uv": [0, 10, 2, 12], "texture": "#core"}
			},
			"__comment": "Box1"
		},
		{
			"name": "cube",
			"from": [7, 2, 7],
			"to": [9, 4, 9],
			"shade": true,
			"faces": {
				"north": {"uv": [0, 10, 2, 12], "texture": "#core"},
				"east": {"uv": [0, 10, 2, 12], "texture": "#core"},
				"south": {"uv": [0, 10, 2, 12], "texture": "#core"},
				"west": {"uv": [0, 10, 2, 12], "texture": "#core"},
				"up": {"uv": [0, 10, 2, 12], "texture": "#core"},
				"down": {"uv": [0, 10, 2, 12], "texture": "#core"}
			},
			"__comment": "Box1"
		},
		{
			"name": "cube",
			"from": [7, 12, 7],
			"to": [9, 14, 9],
			"shade": true,
			"faces": {
				"north": {"uv": [0, 10, 2, 12], "texture": "#core"},
				"east": {"uv": [0, 10, 2, 12], "texture": "#core"},
				"south": {"uv": [0, 10, 2, 12], "texture": "#core"},
				"west": {"uv": [0, 10, 2, 12], "texture": "#core"},
				"up": {"uv": [0, 10, 2, 12], "texture": "#core"},
				"down": {"uv": [0, 10, 2, 12], "texture": "#core"}
			},
			"__comment": "Box1"
		},
		{
			"name": "cube",
			"from": [14, 6, 6],
			"to": [16, 10, 10],
			"shade": true,
			"faces": {
				"north": {"uv": [9, 6, 10, 10], "texture": "#texture"},
				"east": {"uv": [6, 6, 10, 10], "texture": "#texture"},
				"south": {"uv": [9, 6, 10, 10], "texture": "#texture"},
				"west": {"uv": [6, 6, 10, 10], "texture": "#texture"},
				"up": {
					"uv": [6, 6, 10, 7],
					"texture": "#texture",
					"rotation": 90
				},
				"down": {
					"uv": [6, 6, 10, 7],
					"texture": "#texture",
					"rotation": 270
				}
			},
			"__comment": "Box1"
		},
		{
			"name": "cube",
			"from": [14.5, 2, 4],
			"to": [15.5, 14, 12],
			"shade": true,
			"faces": {
				"north": {"uv": [4, 2, 5, 14], "texture": "#texture"},
				"east": {"uv": [4, 2, 12, 14], "texture": "#texture"},
				"south": {"uv": [4, 2, 5, 14], "texture": "#texture"},
				"west": {"uv": [4, 2, 12, 14], "texture": "#texture"},
				"up": {
					"uv": [4, 2, 12, 3],
					"texture": "#texture",
					"rotation": 90
				},
				"down": {
					"uv": [4, 2, 12, 3],
					"texture": "#texture",
					"rotation": 270
				}
			},
			"__comment": "Box1"
		},
		{
			"name": "cube",
			"from": [6, 6, 14],
			"to": [10, 10, 16],
			"shade": true,
			"faces": {
				"north": {"uv": [6, 6, 10, 10], "texture": "#texture"},
				"east": {"uv": [9, 6, 10, 10], "texture": "#texture"},
				"south": {"uv": [6, 6, 10, 10], "texture": "#texture"},
				"west": {"uv": [9, 6, 10, 10], "texture": "#texture"},
				"up": {
					"uv": [6, 6, 10, 7],
					"texture": "#texture",
					"rotation": 180
				},
				"down": {
					"uv": [6, 6, 10, 7],
					"texture": "#texture",
					"rotation": 180
				}
			},
			"__comment": "Box1"
		},
		{
			"name": "cube",
			"from": [4, 2, 14.5],
			"to": [12, 14, 15.5],
			"shade": true,
			"faces": {
				"north": {"uv": [4, 2, 12, 14], "texture": "#texture"},
				"east": {"uv": [4, 2, 5, 14], "texture": "#texture"},
				"south": {"uv": [4, 2, 12, 14], "texture": "#texture"},
				"west": {"uv": [4, 2, 5, 14], "texture": "#texture"},
				"up": {
					"uv": [4, 2, 12, 3],
					"texture": "#texture",
					"rotation": 180
				},
				"down": {
					"uv": [4, 2, 12, 3],
					"texture": "#texture",
					"rotation": 180
				}
			},
			"__comment": "Box1"
		},
		{
			"name": "cube",
			"from": [7, 7, 0],
			"to": [9, 9, 2],
			"shade": true,
			"faces": {
				"north": {"uv": [0, 10, 2, 12], "texture": "#core"},
				"east": {"uv": [0, 10, 2, 12], "texture": "#core"},
				"south": {"uv": [0, 10, 2, 12], "texture": "#core"},
				"west": {"uv": [0, 10, 2, 12], "texture": "#core"},
				"up": {"uv": [0, 10, 2, 12], "texture": "#core"},
				"down": {"uv": [0, 10, 2, 12], "texture": "#core"}
			},
			"__comment": "Box1"
		},
		{
			"name": "cube",
			"from": [4, 14.5, 2],
			"to": [12, 15.5, 14],
			"shade": true,
			"faces": {
				"east": {
					"uv": [11, 2, 12, 14],
					"texture": "#texture",
					"rotation": 90
				},
				"west": {
					"uv": [11, 2, 12, 14],
					"texture": "#texture",
					"rotation": 90
				},
				"up": {"uv": [4, 2, 12, 14], "texture": "#texture"},
				"down": {"uv": [4, 2, 12, 14], "texture": "#texture"}
			}
		},
		{
			"name": "cube",
			"from": [6, 14, 6],
			"to": [10, 16, 10],
			"shade": true,
			"faces": {
				"north": {"uv": [6, 6, 10, 7], "texture": "#texture"},
				"east": {"uv": [6, 6, 10, 7], "texture": "#texture"},
				"south": {"uv": [6, 6, 10, 7], "texture": "#texture"},
				"west": {"uv": [6, 6, 10, 7], "texture": "#texture"},
				"up": {"uv": [6, 6, 10, 10], "texture": "#texture"},
				"down": {"uv": [6, 6, 10, 10], "texture": "#texture"}
			}
		},
		{
			"name": "cube",
			"from": [4, 0.5, 2],
			"to": [12, 1.5, 14],
			"shade": true,
			"faces": {
				"east": {
					"uv": [11, 2, 12, 14],
					"texture": "#texture",
					"rotation": 90
				},
				"west": {
					"uv": [11, 2, 12, 14],
					"texture": "#texture",
					"rotation": 90
				},
				"up": {"uv": [4, 2, 12, 14], "texture": "#texture"},
				"down": {"uv": [4, 2, 12, 14], "texture": "#texture"}
			}
		},
		{
			"name": "cube",
			"from": [6, 0, 6],
			"to": [10, 2, 10],
			"shade": true,
			"faces": {
				"north": {"uv": [6, 6, 10, 7], "texture": "#texture"},
				"east": {"uv": [6, 6, 10, 7], "texture": "#texture"},
				"south": {"uv": [6, 6, 10, 7], "texture": "#texture"},
				"west": {"uv": [6, 6, 10, 7], "texture": "#texture"},
				"up": {"uv": [6, 6, 10, 10], "texture": "#texture"},
				"down": {"uv": [6, 6, 10, 10], "texture": "#texture"}
			}
		}
	]
}